TC9,TC8,TC7,TC6,TC5,TC4,TC3,TC2,TC1,TCi,TCe
51.2175293,51.9239883,52.5691071,52.719841,52.0195198,50.9155083,48.859375,46.4855423,44.1761932,24.7469826,33.5396004
51.4428558,52.1582985,52.7765846,52.9132652,52.195694,51.1228371,49.0271606,46.6139679,44.3192215,24.7613106,35.1089745
50.9507942,51.4986839,52.1496124,52.1902962,51.3304749,50.0921326,47.7382889,45.4426498,43.2707481,24.7566395,37.8304482
49.9652939,50.4093704,51.1351547,51.1611633,50.1340561,48.6590958,46.1437531,43.8625107,41.9748611,24.7493439,38.4814415
49.0670013,49.4696922,50.2278557,50.2091599,49.0580025,47.4002724,44.7795486,42.5156059,40.9695129,24.7390251,38.8359947
48.2775002,48.616703,49.3980751,49.3618851,48.0840225,46.296566,43.5986519,41.3985901,40.1549873,24.7296906,38.9811287
47.6065521,47.8904114,48.6752243,48.5990295,47.2325706,45.3567047,42.6322136,40.5052147,39.508194,24.7326889,39.1386833
47.0440254,47.2117805,47.9887772,47.8823853,46.4534035,44.5089264,41.7557297,39.7050018,38.8533287,24.7290974,39.152668
46.4763412,46.6106606,47.3725471,47.2230415,45.7288437,43.7520981,41.0029259,39.0172234,38.264164,24.7126999,39.1102333
45.95644,46.0718384,46.8077927,46.6285515,45.1062126,43.0899582,40.3527145,38.40905,37.7952385,24.7052708,39.0835762
45.4839287,45.5693054,46.2904243,46.0871315,44.5039101,42.4953346,39.7616425,37.8833008,37.3736229,24.701889,39.0187454
45.1572037,45.1171646,45.8193626,45.5658226,43.9784241,41.9555397,39.2459183,37.4161568,36.9892082,24.6871319,38.9569817
44.7143402,44.683918,45.3708305,45.1145058,43.4838791,41.4670143,38.7919273,37.0176048,36.6779671,24.6739922,38.9056168
44.419651,44.3049126,44.9612961,44.6770515,43.058651,41.0530014,38.4048042,36.6728516,36.3914223,24.6789207,38.8697586
43.9229088,43.9431839,44.5880013,44.2874298,42.6643143,40.6763153,38.0571289,36.3887863,36.1691132,24.6771832,38.8270798
43.9778709,43.625988,44.2475128,43.9267998,42.2930183,40.3300209,37.7551994,36.1213531,35.9227371,24.6658802,38.7431374
43.7910194,43.3167076,43.9225578,43.599678,41.963253,40.0044937,37.4709435,35.8762703,35.6664276,24.665884,38.6604767
43.5730858,43.039444,43.6263008,43.2714195,41.6579628,39.725338,37.2172813,35.6467552,35.456234,24.6788006,38.6054611
43.3333549,42.7598076,43.3412209,42.9911461,41.3614044,39.4608879,36.9855766,35.436264,35.2663078,24.6462727,38.5490685
43.0803299,42.5257721,43.0765457,42.7100296,41.1029968,39.2171059,36.7828064,35.2681274,35.1143951,24.6592064,38.5074806
42.856678,42.2872849,42.8345985,42.4594307,40.8572731,39.0119514,36.6040115,35.1304512,34.9521675,24.6425362,38.4982796
42.6189804,42.0684776,42.5902252,42.2145882,40.6294441,38.8081245,36.419014,34.9729462,34.8216057,24.6523418,38.4311256
42.4093704,41.8512077,42.3646278,41.9889221,40.400238,38.5982628,36.2310143,34.8012695,34.6467667,24.6444206,38.3286667
42.1756783,41.6231117,42.1282349,41.7381516,40.1705322,38.3784027,36.0339813,34.6171303,34.4599915,24.637188,38.2657394
41.9571037,41.4176521,41.9067917,41.5130005,39.94561,38.1683655,35.8615532,34.4471588,34.2714233,24.6297817,38.1954041
41.7632065,41.2335434,41.7025604,41.3172188,39.7541008,38.0095901,35.7096977,34.312542,34.1372681,24.627285,38.1474571
41.5773659,41.0404739,41.5075493,41.1221237,39.5587578,37.8377609,35.545105,34.1646042,33.9878693,24.6408367,38.0971642
41.3991203,40.8498344,41.3262749,40.925705,39.3846397,37.663372,35.4235115,34.0370331,33.8751793,24.6077366,38.0437698
41.2055511,40.6861992,41.1337547,40.7443428,39.2044601,37.5195007,35.2840157,33.9288025,33.7551575,24.616066,37.996727
41.0562782,40.5241013,40.9702148,40.5714569,39.037693,37.3584518,35.1517792,33.8108482,33.6420059,24.6191769,37.9005089
40.8792953,40.3610954,40.8011131,40.3995132,38.8770142,37.221035,35.0342331,33.6999855,33.5180244,24.6166534,37.8653145
40.7230797,40.1999092,40.6338387,40.2342186,38.7322769,37.0938911,34.9212761,33.5976067,33.4344711,24.6082859,37.798214
40.5541306,40.0521393,40.4802704,40.0872231,38.5802116,36.9739189,34.8177185,33.5019226,33.3121109,24.611372,37.7558899
40.396553,39.9107018,40.3312263,39.928196,38.4246292,36.836441,34.7012367,33.4016418,33.2012291,24.6011143,37.6730537
40.2162514,39.7659721,40.1726341,39.7717743,38.2853889,36.6955719,34.5735512,33.270607,33.0736504,24.5947666,37.5751076
40.0383682,39.6228752,40.0187225,39.6201324,38.1459274,36.5682564,34.4575691,33.1571503,32.9535675,24.5966091,37.555027
39.8821297,39.4852409,39.8778343,39.4826965,38.0090332,36.476017,34.3862648,33.099247,32.8969383,24.5915432,37.5224457
39.7397881,39.3635063,39.7541428,39.3573189,37.9109955,36.3719177,34.3129616,33.0377884,32.8194618,24.58074,37.4938774
39.6223679,39.2481308,39.63797,39.2268867,37.7936249,36.2646179,34.2307549,32.9877014,32.7597466,24.5895672,37.4396591
39.4848289,39.1245651,39.497921,39.0999718,37.6677246,36.1637878,34.1430016,32.9034843,32.6662598,24.5770683,37.36446
39.3514061,38.9894829,39.3643494,38.9670982,37.5438042,36.0595474,34.0392036,32.8000183,32.5685425,24.5774384,37.3339691
39.2366562,38.8765221,39.2546997,38.8641319,37.4407768,35.9596291,33.9605446,32.734581,32.5125237,24.5681095,37.3055916
39.1388779,38.7649956,39.129776,38.742363,37.338047,35.8830528,33.8961601,32.6814079,32.4670486,24.5795116,37.2569389
39.0299644,38.6592026,39.0048981,38.6276283,37.222641,35.7817917,33.8264732,32.6088867,32.3842888,24.5690346,37.2120705
38.9240456,38.538105,38.8984718,38.4984589,37.1132698,35.6757927,33.7302017,32.5195236,32.2797394,24.5482502,37.1590996
38.8307686,38.4385376,38.7819557,38.4083824,37.0171318,35.5989037,33.6680565,32.4742775,32.2219696,24.5551319,37.1027603
38.7286491,38.3434639,38.6807899,38.2926979,36.9247475,35.5114021,33.5823708,32.4026527,32.1585617,24.5669899,37.0512962
38.6205215,38.2305412,38.5719566,38.1916351,36.8204117,35.4217758,33.5088501,32.3190384,32.0617828,24.5553513,37.0014229
38.5379906,38.1381226,38.474102,38.0934486,36.7357788,35.3351212,33.438549,32.2657814,32.0276108,24.5686951,36.9620018
38.4254417,38.0259895,38.357872,37.9782715,36.6208229,35.2459145,33.3527069,32.1873016,31.9325428,24.5373688,36.8633842
38.3072052,37.9091911,38.2519836,37.8746071,36.527565,35.1628342,33.2641563,32.1028862,31.8310623,24.5460625,36.8231697
38.2092896,37.8066483,38.1313438,37.7681046,36.4126358,35.0494308,33.1615868,31.9888535,31.7274303,24.5370655,36.7503738
38.094429,37.7076874,38.0298347,37.6554489,36.3194199,34.9633522,33.102726,31.9318619,31.687685,24.5218716,36.7185707
37.9971275,37.6077766,37.9316635,37.5618973,36.240078,34.8913956,33.0342636,31.878212,31.6441288,24.5212517,36.675396
37.8908882,37.520443,37.8468246,37.4697456,36.1506615,34.82164,32.9906425,31.8269405,31.5998421,24.520504,36.64291
37.7957535,37.4341927,37.7457962,37.3786545,36.0704689,34.7324295,32.8988838,31.7556744,31.5120811,24.5129414,36.571167
37.677803,37.3278809,37.6483498,37.2888756,35.9764023,34.6566811,32.8198471,31.6945534,31.4450836,24.5023479,36.5543976
37.5821037,37.2459221,37.5601578,37.1921692,35.8860512,34.5767174,32.7692566,31.6492367,31.3957386,24.5021858,36.5030785
37.4851189,37.1663971,37.4691849,37.1012383,35.8153305,34.5106354,32.7214012,31.5935059,31.3529568,24.498188,36.4733696
37.390892,37.0746689,37.3790627,37.0122223,35.727066,34.4378395,32.6452866,31.5306702,31.2593803,24.4912872,36.4248543
37.2907944,36.9844551,37.2905769,36.9402428,35.6537514,34.364254,32.5862236,31.4725285,31.2106838,24.4977131,36.3666077
37.1945229,36.9064903,37.2053909,36.8526039,35.5782814,34.2943382,32.5299225,31.425272,31.1539154,24.4845753,36.3593597
37.1002235,36.8217201,37.1291389,36.7588844,35.4955978,34.2381401,32.4818153,31.3885384,31.1392231,24.4836216,36.3364067
37.0241966,36.7463531,37.0506325,36.6900749,35.4314346,34.1858864,32.4402542,31.3656006,31.1066952,24.4757805,36.2893219
36.9473763,36.6837158,36.9741096,36.6336327,35.3724518,34.1405144,32.4107742,31.3274498,31.0680389,24.4806213,36.2593956
36.8605576,36.6031952,36.9093895,36.5508537,35.3115196,34.0723572,32.3499756,31.2778473,31.0285645,24.4795837,36.218483
36.8030319,36.5223045,36.8377113,36.4699135,35.2497635,34.0176315,32.3039589,31.241787,30.9776268,24.4675026,36.181839
36.7333755,36.4598198,36.7529793,36.4116402,35.1830292,33.963707,32.2638283,31.2077694,30.9369335,24.4542027,36.1740227
36.6832924,36.3898849,36.6847458,36.3374367,35.121933,33.9175568,32.2313652,31.1753616,30.9113789,24.4651394,36.1504593
36.6222572,36.3331413,36.6272087,36.2972755,35.079792,33.8863525,32.2137375,31.157156,30.9012203,24.4561081,36.1347237
36.5653419,36.2776985,36.5691452,36.2432175,35.0287056,33.8411522,32.1857605,31.1511822,30.884716,24.4485989,36.1127357
36.4965324,36.2043533,36.505558,36.1700516,34.9724655,33.7999496,32.1553116,31.1176815,30.8404598,24.4539165,36.0937805
36.4470825,36.1567345,36.4424515,36.1098022,34.9159698,33.7515945,32.1093979,31.0810661,30.800869,24.4380035,36.0552139
36.3931084,36.0999451,36.3788376,36.0625267,34.8813324,33.7189636,32.0897179,31.0608177,30.7833328,24.4392338,36.0657272
36.3427162,36.048027,36.3402939,36.0117378,34.8464622,33.6971703,32.0900002,31.0864449,30.811306,24.4392433,36.0698433
36.3022079,36.0062828,36.2876167,35.9678459,34.8096466,33.6703758,32.067852,31.0770206,30.7897549,24.4486675,36.0387421
36.2567787,35.9530373,36.245266,35.9256477,34.7712021,33.6474762,32.0479698,31.0524826,30.7723866,24.4416389,35.9854012
36.1998558,35.9041939,36.1956177,35.8707352,34.7244072,33.6123619,32.0223694,31.023283,30.7346172,24.4330406,35.9511681
36.1462784,35.8467598,36.1319008,35.8332977,34.6768112,33.5614281,31.98456,30.9788094,30.6933002,24.4309559,35.9441833
36.105938,35.7907562,36.0732765,35.7744942,34.6309128,33.5275078,31.9384327,30.9348774,30.6556816,24.4278488,35.9069862
36.056263,35.7326202,36.032917,35.7148399,34.5897026,33.4869194,31.9141254,30.9147606,30.626255,24.4290237,35.9012718
36.024044,35.6975937,35.9882469,35.6798096,34.5530052,33.4475212,31.8794384,30.8836689,30.6063423,24.4207211,35.8651352
35.972599,35.6411133,35.9271049,35.621212,34.4921265,33.3976669,31.8242378,30.8344154,30.545969,24.4145336,35.830101
35.9412422,35.5895081,35.8677483,35.5786781,34.4514694,33.3534775,31.7964439,30.8022652,30.5115452,24.3949165,35.8131638
35.9014511,35.5377274,35.8312569,35.5348053,34.4254303,33.3343697,31.7904854,30.8060875,30.5192852,24.4182835,35.8370171
35.8878365,35.5088005,35.809761,35.507328,34.4016762,33.3343353,31.805645,30.8539333,30.5651951,24.4205208,35.8804741
35.8641891,35.5006294,35.7768784,35.4933739,34.3858528,33.336853,31.8191662,30.855587,30.5812531,24.4252777,35.8496094
35.8330803,35.46315,35.749958,35.4625664,34.3718758,33.3214264,31.8181057,30.8833923,30.5813389,24.4271698,35.8429527
35.7990265,35.4172745,35.7164154,35.4305267,34.3435402,33.3183556,31.8150311,30.877964,30.5751228,24.4284267,35.8405113
35.763237,35.3951263,35.6786728,35.4055367,34.3207283,33.3005524,31.7966976,30.8632793,30.5513954,24.41996,35.825985
35.7351303,35.351223,35.6425896,35.3768959,34.299572,33.2767792,31.7844753,30.8495712,30.5455761,24.4021854,35.8055649
35.692585,35.3218155,35.6073112,35.3359795,34.2800751,33.2581711,31.7802773,30.8348007,30.528183,24.4131336,35.7798653
35.6590157,35.2992096,35.5769348,35.3158722,34.2461243,33.2357292,31.7553825,30.8106766,30.4991112,24.4088554,35.7879295
35.6388245,35.253315,35.5493584,35.2811279,34.2323265,33.2018471,31.727726,30.7997952,30.4890423,24.4174919,35.7628975
35.609951,35.2254562,35.5167656,35.2507477,34.2017975,33.1880608,31.7187729,30.7791519,30.4782372,24.4170074,35.7280884
35.5765266,35.1789818,35.465683,35.2077179,34.1590576,33.1485176,31.6767426,30.7425442,30.4213181,24.4034271,35.7232056
35.533905,35.1468544,35.4380226,35.1684799,34.1298981,33.1344604,31.6537037,30.7206764,30.410944,24.4109688,35.7202187
35.5196877,35.114933,35.4103165,35.1491051,34.1132088,33.1071968,31.6469898,30.72505,30.4171143,24.4014683,35.7015724
35.4953613,35.0888023,35.3804207,35.1260757,34.0790253,33.0725632,31.6258411,30.6834412,30.3813114,24.3982105,35.6931839
35.4649315,35.0565033,35.3362999,35.0866356,34.0566063,33.0514984,31.6098766,30.6831722,30.3670235,24.3945465,35.6978035
35.446003,35.0285416,35.3060913,35.0659904,34.0375557,33.0441284,31.5949955,30.6597672,30.3521481,24.3920727,35.6751404
35.4261894,35.0077133,35.2885475,35.043644,34.0178871,33.0234909,31.5984592,30.6769981,30.377697,24.4051666,35.6865997
35.3882141,34.974308,35.2591591,35.0161552,33.9878349,33.0073433,31.5667152,30.6465149,30.3470345,24.3879261,35.6411095
35.3578072,34.9402199,35.2229996,34.9797516,33.9541817,32.9739609,31.5315189,30.6075897,30.3067513,24.3925705,35.6147156
35.329277,34.9084244,35.1855316,34.9402695,33.919548,32.9371185,31.5009766,30.5758839,30.2686005,24.3812714,35.6027336
35.3025627,34.8780403,35.149353,34.9194412,33.9012413,32.9142494,31.4855499,30.559515,30.2679348,24.3570175,35.5963707
35.2774429,34.843235,35.1393661,34.8974648,33.8731079,32.8944778,31.4683266,30.5559387,30.2590103,24.3766766,35.5982513
35.2528572,34.8243179,35.1158142,34.8717499,33.8598976,32.8931503,31.4697399,30.5569077,30.2533188,24.3807163,35.591465
35.2386589,34.8021927,35.0971985,34.8603477,33.8505096,32.8813095,31.4661789,30.5690365,30.2716255,24.3884506,35.618679
35.2221565,34.7921028,35.0779457,34.8366623,33.8375626,32.8817444,31.4853668,30.5829086,30.2844257,24.3829212,35.582634
35.193737,34.7638702,35.0512009,34.8144035,33.7965279,32.84589,31.4388027,30.5351791,30.2274647,24.3662148,35.5478706
35.1651192,34.7349663,35.0100746,34.7798843,33.7853432,32.8130875,31.3934078,30.4996395,30.171957,24.3662148,35.5362587
35.1320267,34.6987686,34.9967995,34.7495422,33.753727,32.7898903,31.383646,30.4744244,30.1565208,24.347187,35.5102615
35.1124954,34.6706657,34.9574471,34.7249832,33.724575,32.7575035,31.3564262,30.440527,30.1052246,24.3554573,35.4891815
35.0927429,34.6425781,34.9417229,34.7035828,33.688015,32.736599,31.3407135,30.4277554,30.1079006,24.3513355,35.4835052
35.0651741,34.6076698,34.905468,34.669693,33.6750984,32.7200317,31.3170052,30.4154205,30.1162109,24.3543243,35.4957428
35.0443153,34.6116447,34.8890839,34.6554451,33.6594543,32.7125931,31.3080292,30.4178581,30.1280499,24.3608723,35.4910164
35.0309525,34.5861893,34.8645401,34.6359062,33.6453056,32.7121506,31.3149929,30.4263077,30.1390171,24.3419819,35.4893799
35.0169945,34.5581474,34.8380203,34.6240845,33.6355057,32.6940041,31.302948,30.4173546,30.1278992,24.3516636,35.4650078
34.9922409,34.5305634,34.8205376,34.5815544,33.6069298,32.6699448,31.261549,30.3741417,30.0705719,24.3524208,35.431015
34.9767265,34.5057373,34.7849007,34.5639343,33.5807419,32.64291,31.2485962,30.3683071,30.0652256,24.348341,35.4478989
34.9510918,34.4927597,34.7799377,34.5525284,33.5793228,32.6463509,31.2486553,30.3637161,30.0686741,24.3328876,35.4333076
34.9284286,34.4679985,34.7557755,34.5315742,33.5547981,32.6173553,31.232235,30.3453331,30.0340405,24.3375664,35.4170113
34.9153519,34.4637146,34.7339897,34.5172424,33.5429153,32.612957,31.2219887,30.3457642,30.0492306,24.3416233,35.4427147
34.9007683,34.4389229,34.7305412,34.501976,33.5313454,32.6047325,31.2289448,30.3574581,30.0486889,24.3187866,35.4303932
34.8798866,34.4248428,34.7123451,34.4809341,33.5294418,32.5964622,31.2299576,30.366848,30.0413952,24.3192253,35.4220505
34.8708534,34.4031982,34.6819305,34.4742546,33.5044212,32.5853157,31.2162285,30.3356457,30.0134964,24.3234634,35.4079056
34.8487167,34.3828545,34.6703568,34.4477386,33.4861641,32.5630875,31.1761951,30.306179,29.9945126,24.3195992,35.3914719
34.8268929,34.3664856,34.6529884,34.4389877,33.4633484,32.5386772,31.1676025,30.2872906,29.968996,24.30476,35.3624878
34.8177986,34.3477936,34.6310921,34.4089966,33.4569283,32.5338783,31.1629467,30.2716045,29.9655247,24.3070049,35.368103
34.7967644,34.3276062,34.6194115,34.4050903,33.4509659,32.5250206,31.1740398,30.298151,29.9801331,24.3106422,35.3912544
34.7922249,34.3312111,34.6137009,34.4028664,33.4480209,32.5401535,31.180584,30.3226528,30.0057411,24.3132191,35.4130287
34.7762184,34.3164253,34.6031036,34.3968391,33.4472389,32.538063,31.1993332,30.3318748,30.0284672,24.3131294,35.4283867
34.7846794,34.3114967,34.5912819,34.392765,33.4421768,32.5419273,31.2020473,30.3358135,30.0356445,24.3060551,35.4174995
34.7764359,34.3014259,34.5783539,34.3784599,33.4293785,32.5217819,31.1758766,30.3246994,29.9974289,24.2978191,35.4131508
34.7493134,34.2914429,34.5598183,34.3609772,33.4166718,32.5249519,31.1689415,30.3103848,29.9849472,24.2952805,35.3949699
34.7361679,34.2734413,34.5499344,34.3496971,33.408474,32.5071907,31.1605778,30.2886715,29.9775372,24.2841682,35.3928986
34.730381,34.2707787,34.5323334,34.3273277,33.3991241,32.490284,31.1370773,30.2771988,29.9486103,24.2950211,35.3855209
34.7124252,34.2319412,34.5146675,34.322567,33.3773193,32.4717789,31.1222572,30.2522774,29.9194145,24.2889786,35.3835983
34.7105103,34.2310638,34.5097427,34.3052864,33.3682518,32.4630585,31.1284332,30.2600174,29.9291096,24.287138,35.3904076
34.7025528,34.2322769,34.5067444,34.3116341,33.3859596,32.478508,31.1394463,30.2883949,29.9583263,24.2799187,35.4109459
34.7043304,34.2270432,34.5143318,34.3100891,33.3744354,32.4871063,31.1529369,30.3155727,29.9913559,24.2864952,35.4300613
34.710865,34.2236328,34.5061646,34.3081512,33.3731155,32.490406,31.1683598,30.3239899,29.9919662,24.2924938,35.4250641
34.6985054,34.2239952,34.4827957,34.3060684,33.3713608,32.4787521,31.1537781,30.3044167,29.9619675,24.2908859,35.4137497
34.6978035,34.2015724,34.4818649,34.2809067,33.3708611,32.4728355,31.1491432,30.2904186,29.9500656,24.2918491,35.4131584
34.6792297,34.1933899,34.4705849,34.2789917,33.3569183,32.4740295,31.1497879,30.2829494,29.9490128,24.2814388,35.4028893
34.6754646,34.1825676,34.4659615,34.2745399,33.3416672,32.4649811,31.1287613,30.2814903,29.943697,24.2797375,35.4013824
34.6758385,34.1826248,34.4522018,34.2670441,33.3493042,32.4665718,31.1434269,30.2794037,29.9596577,24.2888889,35.4146843
34.6851997,34.1730766,34.4713287,34.267067,33.360321,32.4749603,31.1484909,30.3001995,29.9595566,24.2759914,35.4246101
34.6744881,34.1726227,34.444706,34.2677689,33.3569221,32.4736557,31.1498966,30.2944088,29.9591427,24.281538,35.4282761
34.6802711,34.1651726,34.442276,34.2599487,33.3476791,32.4648323,31.1491032,30.2894669,29.9507694,24.287405,35.4114609
34.6789932,34.1637306,34.440136,34.257225,33.345417,32.4737053,31.1485462,30.2978725,29.9650402,24.2835846,35.4413414
34.6739998,34.1636581,34.4392929,34.2549438,33.3528366,32.4688263,31.1500874,30.2817898,29.9377956,24.2915688,35.4411316
34.6670036,34.1464157,34.4233665,34.2524872,33.3389931,32.454586,31.1290894,30.2617855,29.9191628,24.2724171,35.4179153
34.6632195,34.1415215,34.4229698,34.239933,33.331459,32.4472198,31.1319885,30.2573586,29.9032249,24.2688065,35.4074097
34.665699,34.1215858,34.3985939,34.2237396,33.3181839,32.437088,31.1088333,30.231884,29.8742981,24.2703571,35.397789
34.6659775,34.1268463,34.3971939,34.2312813,33.3174896,32.4461365,31.1157055,30.2387562,29.8942471,24.2703114,35.4326286
34.6590462,34.1276093,34.3913765,34.2226982,33.310051,32.4374161,31.1147823,30.2336426,29.9033928,24.2643318,35.4175034
34.6615639,34.1200676,34.3822861,34.2095222,33.310997,32.4352684,31.1163349,30.2473011,29.9103413,24.2686405,35.4312363
34.6452942,34.1125183,34.3782425,34.2096558,33.3135567,32.4458771,31.1246872,30.2478161,29.9107075,24.2651176,35.4185181
34.6565628,34.0951767,34.3670845,34.2073784,33.312149,32.4275627,31.1021614,30.2343197,29.8812256,24.265871,35.4057503
34.6364479,34.0964394,34.3723526,34.2062759,33.310379,32.4430122,31.1071682,30.2469254,29.9082069,24.2602425,35.4214363
34.6297493,34.0785255,34.3493767,34.1923637,33.3122063,32.4274902,31.0989037,30.2291336,29.8785648,24.2602024,35.3922424
34.6158638,34.0787773,34.3474159,34.1871071,33.2918205,32.4126549,31.0892925,30.2150726,29.8497162,24.2550182,35.4195824
34.6026154,34.0639839,34.3260918,34.170269,33.281662,32.4116516,31.0763931,30.1924839,29.8536472,24.2660751,35.3986511
34.5837479,34.052742,34.3128662,34.165123,33.2713661,32.3961945,31.0549698,30.1761112,29.8076744,24.2334652,35.3751259
34.5729675,34.0511703,34.3006973,34.1553879,33.2671509,32.3956337,31.0556698,30.1748791,29.8206139,24.2380581,35.3839073
34.5669708,34.040657,34.3035812,34.1487656,33.2581406,32.3884239,31.0531712,30.1800709,29.8224945,24.2519321,35.3713417
34.5555115,34.0318947,34.2944832,34.1509056,33.2697525,32.3901634,31.0478668,30.1720276,29.8187962,24.2561531,35.4042168
34.5543289,34.0319328,34.2893867,34.1429825,33.2782135,32.395916,31.0765686,30.204668,29.8343582,24.2608795,35.4260292
34.5454292,34.0211372,34.2997704,34.1506081,33.2860985,32.4209938,31.0963078,30.2184868,29.8718529,24.2566357,35.4349556
34.5360451,34.0301628,34.2873955,34.1466331,33.2900162,32.4192696,31.108984,30.2475262,29.8952141,24.26507,35.439846
34.5379524,34.0234337,34.2954369,34.1535149,33.2938919,32.4283218,31.1176109,30.2496395,29.8831024,24.2645302,35.4338379
34.5243263,34.0243034,34.2910843,34.154541,33.2911682,32.4341927,31.1238098,30.2684059,29.8864861,24.264679,35.4351425
34.526104,34.0238304,34.2896118,34.1702614,33.2920151,32.4386139,31.1333523,30.2592468,29.8934536,24.2548485,35.4337654
34.5118599,34.0092659,34.2801514,34.1495476,33.2993202,32.4264183,31.1231003,30.2645168,29.8813362,24.2518864,35.4133186
34.5120468,34.0112839,34.2870941,34.1586571,33.2899666,32.4449348,31.1358376,30.2531834,29.8845196,24.254612,35.4233284
34.492733,33.9901543,34.274353,34.140873,33.2852211,32.4230728,31.1043091,30.2417469,29.8500404,24.2483311,35.392086
34.4849586,33.9816933,34.258091,34.130703,33.270031,32.4055557,31.1000462,30.2200203,29.828146,24.2456627,35.3795967
34.4739914,33.9767342,34.2404022,34.0989952,33.2556648,32.3992271,31.0821533,30.205862,29.834938,24.2369957,35.3691254
34.4613457,33.9715729,34.2396622,34.1125221,33.251049,32.4088821,31.0728722,30.1965122,29.8162804,24.2546864,35.350872
34.4647942,33.9560928,34.2200737,34.0993118,33.2529678,32.3928146,31.0576305,30.1800632,29.8093853,24.2496662,35.3485336
34.4586983,33.9440384,34.2280693,34.0821571,33.2455635,32.3829384,31.0652771,30.1766758,29.8136482,24.2459316,35.3326912
34.4528236,33.9457932,34.219101,34.0853157,33.2267036,32.3753929,31.066494,30.1851845,29.8157425,24.2498951,35.3353424
34.4365921,33.9370499,34.2155876,34.0737762,33.2269287,32.3614922,31.0464897,30.1724586,29.8004475,24.240036,35.3273621
34.4388084,33.9319191,34.2098122,34.0632782,33.2216835,32.363575,31.0574017,30.180788,29.8075085,24.2544079,35.3105965
34.4216499,33.9262466,34.1937561,34.0734673,33.2075157,32.3534317,31.0317554,30.1500931,29.7919674,24.2322464,35.274826
34.4112053,33.911068,34.1922951,34.0519943,33.2017632,32.3399773,31.0167351,30.1440086,29.7641888,24.2442932,35.3066521
34.4130745,33.9094162,34.1839409,34.038723,33.1957741,32.3330688,31.0184689,30.1411877,29.770195,24.2479858,35.3038826
34.4045906,33.9041939,34.1814842,34.0418167,33.1890793,32.340744,31.0335808,30.1616993,29.7920132,24.2415104,35.3181419
34.4044724,33.9032211,34.1737175,34.0436859,33.1795769,32.3361702,31.0254688,30.1524239,29.7936249,24.2648964,35.2959709
34.3922501,33.8899651,34.1744194,34.0310822,33.1726723,32.3274307,30.997673,30.1411953,29.7677517,24.2430191,35.2560196
34.3895721,33.8812943,34.1632996,34.0296516,33.1595345,32.2989578,30.9886913,30.1151752,29.7469559,24.2335567,35.2509308
34.3778114,33.8702583,34.1543961,33.9948845,33.1463242,32.2875595,30.9657192,30.1019859,29.7213783,24.2355042,35.2434425
34.3841095,33.8634644,34.1360168,33.9949989,33.1343689,32.2717285,30.9502869,30.0829754,29.7092495,24.2360859,35.229351
34.3419533,33.8607292,34.1297722,33.9899864,33.1305618,32.271843,30.9516964,30.0776768,29.7054443,24.2323895,35.2409859
34.3541336,33.8574295,34.1265335,33.9938965,33.1154137,32.2623329,30.9645977,30.1031418,29.7340355,24.2305946,35.242733
34.3487129,33.8535805,34.1282501,33.9725761,33.124649,32.2726593,30.9676266,30.0970097,29.7426319,24.2317772,35.2420692
34.3527412,33.856739,34.1378746,33.9866333,33.1326065,32.2890968,30.9849014,30.1324291,29.7633266,24.2427635,35.243351
34.3594818,33.8615685,34.1315269,33.9819984,33.1355438,32.2965736,30.9944649,30.1363735,29.7824421,24.2484035,35.2363853
34.3498192,33.8625145,34.1311073,33.9863548,33.1217499,32.2859802,30.9933453,30.1420307,29.7663021,24.2427006,35.2291565
34.3543854,33.8467903,34.1281128,33.9751282,33.1198235,32.2780304,30.9809742,30.1317883,29.764864,24.2283764,35.2275734
34.3532219,33.839241,34.1153831,33.9843903,33.1181412,32.2777061,30.9673805,30.1148453,29.7438469,24.2396431,35.2059708
34.3533669,33.8380966,34.1086426,33.9702454,33.1030846,32.2673836,30.9579353,30.1036205,29.7414112,24.2362785,35.1889877
34.3300743,33.8333473,34.1229019,33.9639359,33.0953598,32.2524261,30.9458237,30.1002769,29.715889,24.22682,35.1889992
34.3361549,33.8113022,34.102562,33.9515495,33.0898972,32.2401505,30.9474525,30.0804272,29.7089348,24.2424793,35.1992722
34.3323784,33.8285751,34.104969,33.9472961,33.0823364,32.244339,30.9554119,30.1121407,29.7366104,24.2511368,35.20121
34.3376045,33.8249969,34.0995026,33.9496574,33.0892944,32.2557068,30.9468307,30.1073799,29.7508469,24.23736,35.2017822
34.3275261,33.8174133,34.1182785,33.9532433,33.0904808,32.2594414,30.9673595,30.1249847,29.7544613,24.241684,35.1936188
34.336113,33.8257484,34.1106758,33.9574089,33.0843849,32.2630196,30.9796581,30.131506,29.777359,24.2472649,35.1979103
34.340477,33.8273506,34.1179619,33.9628487,33.0937424,32.2582169,30.9849529,30.1286888,29.7738705,24.2553864,35.1911278
34.3279762,33.8175812,34.1124725,33.9511147,33.0902748,32.2519913,30.9744778,30.1343479,29.7599869,24.2667198,35.1967621
34.3243866,33.8170013,34.1069717,33.9514122,33.0827484,32.2515793,30.9691372,30.1093349,29.7398911,24.2765045,35.1834373
34.3320236,33.8133812,34.1008072,33.9521828,33.0897636,32.2463188,30.9668484,30.1194687,29.7549744,24.2958088,35.2138901
34.3153,33.8196182,34.100708,33.9507141,33.0865593,32.248642,30.9785423,30.1168823,29.7756348,24.3007774,35.2131462
34.3174057,33.8076897,34.0973549,33.9360123,33.0732613,32.2457008,30.9558983,30.1031513,29.7363758,24.3081417,35.1974335
34.3075905,33.8026543,34.0822601,33.9274254,33.0712738,32.2381897,30.9368896,30.0964909,29.7331161,24.3343945,35.1974106
34.2953682,33.8159294,34.0841141,33.9284363,33.0639648,32.2386475,30.9424114,30.1153774,29.7360687,24.365427,35.2225914
34.3065109,33.8076744,34.0875206,33.9299431,33.0713043,32.2399216,30.9480209,30.1229744,29.7496319,24.3799992,35.2491417
34.3179207,33.810997,34.098175,33.9411545,33.0894508,32.2526321,30.9869385,30.1564026,29.8005791,24.4174404,35.2552948
34.3166046,33.807476,34.0991745,33.9396744,33.0856552,32.253006,30.9879608,30.1626701,29.7993469,24.4392052,35.2164268
34.2989807,33.8114128,34.0955734,33.9458885,33.0896988,32.2545891,30.9875889,30.1578178,29.7886925,24.4676456,35.212883
34.300209,33.8042793,34.090992,33.9492416,33.0855446,32.2657509,30.9855576,30.1416454,29.771616,24.4881477,35.2111664
34.3059921,33.8094902,34.0934219,33.9489212,33.0872955,32.2566376,30.9783154,30.1423569,29.7574654,24.5021992,35.235817
34.298851,33.8000259,34.0933571,33.9472046,33.0959435,32.2613297,30.9837456,30.1528206,29.790802,24.5210533,35.2433701
34.3100891,33.8076859,34.1002197,33.9504013,33.0918655,32.2739105,31.0045223,30.1827679,29.8134785,24.5458603,35.2581482
34.3147774,33.8194389,34.1058693,33.9563904,33.1147385,32.2844315,31.0293102,30.1934719,29.8371124,24.5677242,35.2722893
34.3096428,33.8179932,34.114193,33.9662285,33.1015892,32.3028793,31.0352936,30.2040749,29.8529491,24.5675888,35.2630081
34.3152008,33.8284683,34.1102219,33.9638252,33.1214485,32.29953,31.044035,30.2250385,29.866333,24.5939884,35.2768326
34.317215,33.8317604,34.1184731,33.965683,33.125843,32.3063011,31.0587273,30.2252598,29.8631611,24.600317,35.2864571
34.3257179,33.8382568,34.1178436,33.977829,33.1212006,32.3132591,31.0531101,30.206316,29.8604412,24.6187763,35.2625084
34.3217697,33.8366814,34.1247025,33.9792213,33.118309,32.3128166,31.0485706,30.2175865,29.8578358,24.6284313,35.2625351
34.3193588,33.8336105,34.121563,33.9884529,33.1274185,32.3027458,31.0370445,30.2149372,29.8425922,24.6411953,35.2478027
34.3208923,33.8362808,34.1254997,33.9684143,33.1217422,32.303463,31.0340385,30.2026196,29.8305492,24.6546078,35.2591667
34.3268242,33.8290977,34.1170349,33.9685707,33.1158142,32.3061371,31.0312862,30.1919231,29.8318386,24.6789589,35.2659721
34.3139496,33.825222,34.1118927,33.9685516,33.1102104,32.2923164,31.0137329,30.1742764,29.8161488,24.7039547,35.2679062
34.3214951,33.828537,34.1206818,33.9576721,33.1114082,32.2927246,31.0190277,30.1884708,29.8302269,24.7212505,35.256382
34.3034363,33.8213768,34.1123238,33.9601974,33.1041641,32.2815361,31.0158901,30.1660652,29.8251591,24.7377186,35.2320633
34.3020172,33.8177147,34.1135674,33.9550362,33.0983505,32.2715225,31.0076733,30.1682854,29.8154678,24.7804241,35.2270966
34.2997208,33.8108368,34.1091919,33.9492645,33.1040955,32.2693253,31.0026684,30.1684761,29.8086452,24.8270588,35.2351379
34.3102417,33.817627,34.1001701,33.9510689,33.086937,32.27071,31.007185,30.1667824,29.7971039,24.8541775,35.2199783
34.2996521,33.8031998,34.1080513,33.9534721,33.0894203,32.2612534,30.9889793,30.1577053,29.7947502,24.8911343,35.2220306
34.2951279,33.8001022,34.1020279,33.9449158,33.0872993,32.2566643,30.983902,30.1499557,29.7929306,24.9270897,35.2278442
34.3045769,33.8058434,34.1036682,33.9418411,33.0930634,32.2618294,30.9888363,30.1638718,29.8003368,24.9565449,35.235302
34.3025169,33.808876,34.0931587,33.9524422,33.0885963,32.26614,30.9998474,30.1703854,29.8114548,24.9771996,35.210598
34.3071251,33.8136597,34.1003227,33.9472771,33.0894165,32.2747993,31.017231,30.1754475,29.8183231,25.0298462,35.2351875
34.2993393,33.8130798,34.1003685,33.9438438,33.0929909,32.2640686,31.0121384,30.1626225,29.8168392,25.0546875,35.2307587
34.2998238,33.805748,34.1027679,33.9427261,33.0859489,32.2633095,30.9891033,30.1611881,29.8053188,25.0858021,35.2250633
34.2911911,33.8087807,34.1057396,33.9431038,33.0831375,32.2578087,30.9899158,30.1601181,29.8022003,25.1017551,35.2301369
34.3069,33.8098412,34.1060753,33.9486313,33.0996971,32.2642326,31.007843,30.1624298,29.8051262,25.1357098,35.2260246
34.3104897,33.8067322,34.1048927,33.9481163,33.0900078,32.2795029,31.0243473,30.1760197,29.8313923,25.1494331,35.2547836
34.3115921,33.8170662,34.1163559,33.9561081,33.1011238,32.2849159,31.0416756,30.2010231,29.847765,25.1607571,35.2666817
34.3132591,33.8192101,34.1047249,33.9619217,33.0980415,32.2996674,31.0425224,30.2035465,29.8524017,25.1742458,35.2564354
34.3037987,33.8156281,34.1152,33.9560661,33.1105652,32.2866898,31.0450344,30.2128277,29.8679638,25.178299,35.2780991
34.3084831,33.8236923,34.1302071,33.9753494,33.1261063,32.3069229,31.0525742,30.2248669,29.8654823,25.1815567,35.2878952
34.3184929,33.8329659,34.1277161,33.9819641,33.1236801,32.3116875,31.0546913,30.2341328,29.8550358,25.1738224,35.2642899
34.3195457,33.8155899,34.1177826,33.9684181,33.1138954,32.3013649,31.0341148,30.2035446,29.8316631,25.1837311,35.2429428
34.299408,33.8014412,34.1127625,33.9555016,33.0934601,32.2843552,31.0181828,30.1812477,29.8181057,25.1721287,35.2653809
34.3035774,33.8260307,34.1190567,33.9665833,33.1022682,32.2904091,31.0316944,30.1940441,29.827383,25.1759758,35.2678185
34.3007011,33.8189468,34.1067352,33.9741631,33.0994568,32.2840118,31.0245228,30.1945629,29.8266888,25.1647835,35.2629242
34.2924385,33.814579,34.109787,33.9610786,33.1134071,32.275959,31.0260735,30.1971912,29.8228569,25.1585445,35.2653847
34.3086166,33.8181953,34.1119118,33.9635277,33.1065025,32.2991829,31.0190754,30.1923122,29.8323555,25.1631947,35.2709122
34.3000908,33.8122978,34.1139412,33.9628868,33.1088219,32.285881,31.025259,30.1959858,29.8234482,25.1469021,35.2741013
34.3055038,33.8173523,34.1181374,33.9600296,33.1199341,32.2864075,31.020956,30.1948776,29.8313923,25.1337452,35.2783661
34.3281555,33.8167343,34.1124382,33.9623833,33.1046295,32.2926826,31.0364323,30.2048912,29.8365803,25.1286297,35.2797928
34.3034744,33.8167458,34.1172791,33.9686852,33.1113014,32.3005676,31.0360184,30.1936722,29.8520279,25.128355,35.2936134
34.3087654,33.818512,34.122551,33.977211,33.126152,32.3014641,31.038908,30.21455,29.8488846,25.1166267,35.2870674
34.3073883,33.8271751,34.1062393,33.9642105,33.1083679,32.3037109,31.0402946,30.2105389,29.8456059,25.1120014,35.2950897
34.3182259,33.8213959,34.1064644,33.9735184,33.1247406,32.3047409,31.0415382,30.2117157,29.8399658,25.1071415,35.2677841
34.3059235,33.8163338,34.1092072,33.9660072,33.102169,32.2973824,31.023962,30.1962814,29.8164291,25.0910702,35.2672539
34.3160133,33.8237038,34.1176453,33.9571037,33.1091003,32.2984848,31.0316734,30.1929321,29.8307667,25.0886917,35.2667313
34.3002892,33.8171921,34.1072426,33.967247,33.1056862,32.290905,31.0212612,30.1978436,29.8395996,25.0658722,35.262619
34.3021965,33.8108368,34.1148148,33.9594727,33.1075859,32.2833557,31.0191841,30.1901646,29.8206367,25.0655842,35.2598076
34.2982445,33.8136482,34.105217,33.9634743,33.1013336,32.2754707,30.9879112,30.1557426,29.7870502,25.0440006,35.2449112
34.3038902,33.8047485,34.1138039,33.964016,33.1019058,32.2749252,31.0226002,30.1842632,29.8197193,25.0454769,35.3019753
34.3105087,33.8185158,34.1068916,33.9692116,33.1019745,32.2800064,31.0192471,30.1959381,29.8274918,25.0420246,35.2877426
34.3106537,33.8210564,34.1093674,33.9676666,33.1172791,32.2899399,31.0404797,30.2108955,29.8524113,25.0331993,35.3041267
34.3148994,33.82341,34.1222458,33.9692802,33.1103706,32.2955437,31.0529079,30.2236958,29.8501663,25.0196285,35.2972565
34.3203125,33.8193588,34.128849,33.9879303,33.1240005,32.3093147,31.044302,30.220953,29.8669395,25.0063801,35.2797546
34.3173637,33.8292923,34.1311226,33.9831619,33.1321526,32.3228836,31.0661602,30.2516136,29.8787785,25.0133781,35.3096313
34.3197212,33.8249741,34.1165085,33.9730873,33.1230965,32.3208008,31.0576115,30.2355747,29.8562851,25.0085125,35.2776413
34.3238068,33.8279457,34.1373062,33.9784584,33.1318207,32.3211517,31.0579586,30.2323093,29.8724041,25.0043678,35.2712288
34.3090973,33.8223152,34.1243553,33.9739227,33.1169472,32.3158531,31.0485401,30.199501,29.8412647,24.9968987,35.2552757
34.3090706,33.8092041,34.1260948,33.9800758,33.1073837,32.2847824,31.0211792,30.1828423,29.8034744,24.9757233,35.2498398
34.2981987,33.8247871,34.1137733,33.9608612,33.0974846,32.2866211,31.0063496,30.1671371,29.8120594,24.9722328,35.2470131
34.3051872,33.8087311,34.1115074,33.9549713,33.0924683,32.2637787,30.9958611,30.1507969,29.7862682,24.9723492,35.2431412
34.2987099,33.8117943,34.1058693,33.9571457,33.0941048,32.2730713,30.9939327,30.1487217,29.7871685,24.9689941,35.243515
34.2962532,33.8026619,34.1034279,33.9526062,33.0906487,32.2570305,30.9916668,30.1475964,29.7997684,24.9617615,35.2443657
34.2817421,33.7954903,34.0933342,33.9530373,33.085743,32.2652473,30.9859524,30.1559029,29.7960529,24.9518127,35.2169647
34.2884407,33.7916794,34.0953102,33.9439735,33.0806618,32.2555275,30.9683571,30.1400299,29.7721615,24.9484386,35.237896
34.2872391,33.7982635,34.0996399,33.9493904,33.0805206,32.2518883,30.9888859,30.1440487,29.7883091,24.9379559,35.2383842
34.2781487,33.7956123,34.0896683,33.9317665,33.064682,32.2302322,30.9577579,30.1231003,29.7617321,24.920496,35.2011948
34.2867432,33.7865944,34.0807877,33.926815,33.0602341,32.2282181,30.9454479,30.1082077,29.7290497,24.9200611,35.1860619
34.2722931,33.7754555,34.0661659,33.9276237,33.0567017,32.2247009,30.9491062,30.0986385,29.7453804,24.9205055,35.2137566
34.2748108,33.7820015,34.0673599,33.9205589,33.0360298,32.2228203,30.9468288,30.0989628,29.7490063,24.9000092,35.2005653
34.2612076,33.7765427,34.0649414,33.9203186,33.0481796,32.2183952,30.9309978,30.0871143,29.7263298,24.8977337,35.2043076
34.2650604,33.7580872,34.0618782,33.9061127,33.0348701,32.2163506,30.9223328,30.0883961,29.72435,24.8796024,35.1920242
34.2519417,33.7550087,34.0535278,33.901722,33.0275421,32.2056618,30.9184322,30.0713291,29.7067432,24.8873787,35.1699409
34.2544098,33.7593346,34.0393639,33.8963585,33.0315132,32.2010689,30.9152145,30.0678978,29.7035465,24.8735294,35.1918755
34.2423286,33.757206,34.0585556,33.8918304,33.0306892,32.1978378,30.922411,30.0823479,29.7264557,24.8737297,35.1865578
34.2553177,33.7500916,34.0544395,33.8959885,33.031971,32.1956749,30.9261494,30.0832272,29.7267723,24.8536358,35.1920967
34.2534561,33.7458076,34.0419006,33.9020653,33.0289688,32.1943398,30.9128304,30.0864162,29.7206535,24.8577633,35.179718
34.2479439,33.7520523,34.0481873,33.8925934,33.0194206,32.1881523,30.906004,30.0769939,29.7229519,24.8477402,35.1738815
34.2375526,33.746891,34.0383263,33.8819962,33.0162735,32.1759796,30.8955269,30.0496769,29.6871128,24.8392773,35.1703072
34.2390137,33.7405701,34.0286827,33.8750343,33.0105438,32.1738625,30.8900299,30.0539894,29.6911583,24.829586,35.1501694
34.2209969,33.7339783,34.0355721,33.8633003,33.0030098,32.1691322,30.8905449,30.0346088,29.6827412,24.824707,35.1432457
34.2315865,33.7280121,34.0254631,33.8664627,32.9848595,32.1582069,30.8713455,30.0228252,29.6654625,24.8092842,35.1423378
34.2153397,33.7216301,34.0200005,33.8620262,32.9838371,32.1500931,30.8637943,30.0201111,29.6658936,24.8125229,35.1397781
34.222702,33.7190857,34.0184784,33.8664742,32.9906082,32.1629333,30.8684235,30.0247536,29.6727734,24.8076019,35.1260338
34.2089996,33.711319,34.0095711,33.855526,32.9865417,32.1458893,30.8490829,30.0119629,29.6541481,24.7954159,35.1283875
34.21455,33.6994896,34.0205231,33.8517761,32.982605,32.1435814,30.8586483,30.0065517,29.6586151,24.7982922,35.1408958
34.2052689,33.7153816,34.0028152,33.8448677,32.9796791,32.1505127,30.8729706,30.0310898,29.6741257,24.785099,35.1386452
34.1982422,33.7042465,34.0016708,33.8400383,32.9677162,32.1380539,30.8706169,30.0207081,29.6472855,24.7744732,35.1361771
34.2048759,33.6967621,34.0023918,33.8385849,32.9774704,32.1378784,30.844738,29.9996128,29.6435661,24.7850742,35.1128807
34.192028,33.6960258,33.9903641,33.8368835,32.9679794,32.1376114,30.8438587,30.0007267,29.6283245,24.7738113,35.1277809
34.1878662,33.6788712,33.991478,33.8274651,32.9515533,32.1119576,30.8285656,29.9842262,29.6250782,24.7566414,35.1040993
34.1927147,33.6898041,33.9866905,33.8281708,32.9490852,32.1137428,30.8336048,29.9900055,29.6295795,24.762188,35.1244125
34.1877975,33.687542,33.9798317,33.8244133,32.9536743,32.1188965,30.8392982,29.9932919,29.641386,24.7640591,35.1092644
34.1944389,33.6931686,33.9766006,33.8276443,32.9548187,32.1368484,30.8496075,30.0042343,29.6500664,24.7367878,35.119278
34.1848145,33.6882057,33.9777832,33.8250961,32.967659,32.128952,30.8469105,30.0148964,29.6662769,24.7487297,35.1355972
34.1799583,33.6794586,33.9770088,33.8154068,32.9550934,32.1227646,30.8450356,29.9956093,29.650919,24.7434692,35.1162415
34.1848297,33.6811676,33.9730949,33.8163109,32.9422417,32.1148872,30.8392315,29.987009,29.631794,24.7324905,35.1132164
34.1729317,33.6773758,33.9795341,33.8123856,32.9423141,32.112114,30.8394279,30.0006275,29.640379,24.7237473,35.1002121
34.1759224,33.6747818,33.9708061,33.8124733,32.9378471,32.1222076,30.8371887,29.9907131,29.6410522,24.7279549,35.1116943
34.1738205,33.6797752,33.9838371,33.8213806,32.957592,32.1245499,30.849968,30.0083408,29.668457,24.7175941,35.129055
34.1822014,33.681469,33.9740372,33.8237534,32.9662399,32.1457939,30.8640308,30.0478897,29.6889801,24.7127323,35.1341019
34.180069,33.6876793,33.9851303,33.8184662,32.9700813,32.1385155,30.8691692,30.0414371,29.682415,24.7141476,35.1175308
34.1816101,33.6948433,33.9834557,33.8179207,32.9689941,32.1356544,30.8717785,30.0492191,29.6735725,24.708519,35.1222382
34.1839638,33.6823578,33.9819565,33.8268394,32.9586258,32.1378326,30.8865891,30.0363178,29.6711254,24.697319,35.1178131
34.1851234,33.6831627,33.9782448,33.8193359,32.9519501,32.142025,30.8701572,30.0251637,29.6578064,24.6876068,35.1132164
34.1806412,33.6833191,33.9717636,33.8148155,32.9561195,32.1267204,30.8650265,30.0239544,29.6498795,24.6744728,35.1281395
34.1885872,33.6832962,33.9876862,33.8265381,32.9688492,32.147953,30.8825016,30.0456142,29.6907616,24.6802006,35.1687012
34.1916313,33.7076683,33.9974556,33.8500671,32.9850388,32.1801834,30.9151802,30.0979919,29.7476826,24.692112,35.1900826
34.201046,33.704628,34.0116501,33.8501854,32.9928856,32.1880836,30.9407349,30.120924,29.7623196,24.6871223,35.1893578
34.2078171,33.7117691,34.0141907,33.8634758,33.0083809,32.1977654,30.9498844,30.1201019,29.7655182,24.684164,35.1755867
34.2069016,33.7202301,34.0170975,33.8697891,33.0213356,32.2073936,30.9599018,30.1384888,29.7584076,24.6770496,35.203907
34.2246132,33.7118607,34.0237007,33.8827629,33.0392036,32.2388535,30.987421,30.1567554,29.793232,24.6700802,35.2121124
34.2235413,33.7300339,34.0364609,33.8862495,33.0436096,32.2279472,30.9978542,30.1753464,29.8044052,24.6612148,35.2045898
34.2337418,33.74757,34.0437164,33.893856,33.0401039,32.2403908,30.9900188,30.1617012,29.7909184,24.6585121,35.1860275
34.2288933,33.7394943,34.0350418,33.8959999,33.03759,32.2350006,30.9786701,30.1555576,29.7784462,24.6716709,35.2324181
34.2359428,33.7503624,34.0496368,33.9017067,33.0553131,32.2678032,31.0168533,30.1932125,29.823679,24.6654396,35.2387924
34.2337456,33.7519722,34.0525932,33.9034233,33.0542526,32.2671471,31.0185108,30.1888943,29.8139687,24.651228,35.2129745
34.2438812,33.7526207,34.0508766,33.9100761,33.0661812,32.2598267,31.0092144,30.1864719,29.8072834,24.654007,35.2192459
34.2478333,33.7452431,34.0482407,33.8992081,33.0579453,32.253746,30.9897614,30.1676044,29.7781391,24.6432095,35.2205276
34.2404137,33.7495728,34.047657,33.9025879,33.0605659,32.2531738,30.9994278,30.1620121,29.7744961,24.6341019,35.2110291
34.2336617,33.7536354,34.0615387,33.9116364,33.0636482,32.2676353,30.9995804,30.1723003,29.7924385,24.6358624,35.2425423
34.24786,33.7636261,34.068737,33.927124,33.0762405,32.265625,31.031786,30.1966896,29.8269787,24.6284637,35.26231
34.2544289,33.7655945,34.0768127,33.931797,33.0916061,32.3017883,31.0442886,30.2279587,29.8541336,24.6265411,35.2672195
34.2661972,33.7782669,34.0783844,33.9369431,33.0972252,32.3035736,31.0632477,30.2383308,29.8722324,24.6317444,35.3712387
34.2853966,33.7907066,34.0996475,33.9581375,33.121994,32.3182793,31.1022644,30.2885113,29.9252625,24.6350784,35.365963
34.2888756,33.8109779,34.116272,33.9636765,33.1426353,32.3420067,31.1052513,30.3031616,29.9111786,24.63311,35.3511848
34.3022461,33.8084908,34.1205559,33.9739494,33.1271477,32.348896,31.1075687,30.2752972,29.8816299,24.6315594,35.3224297
34.3077011,33.8131828,34.1173935,33.9676514,33.1321182,32.3302803,31.0761642,30.2536926,29.8741856,24.6225605,35.3126335
34.2919159,33.7963181,34.1053772,33.9631844,33.1275749,32.3042145,31.0631981,30.2283478,29.8540459,24.6161709,35.2892113
34.2890167,33.8022614,34.1083031,33.9743309,33.1153336,32.3239441,31.0634842,30.2530022,29.8580704,24.6161537,35.2867279
34.3003922,33.8021202,34.111599,33.956234,33.1090012,32.3015862,31.0425205,30.2240086,29.8566227,24.6298904,35.3068695
34.2998505,33.8054962,34.1153946,33.9693832,33.1187973,32.3241806,31.0742226,30.2473335,29.8972473,24.6179962,35.3155403
34.3052597,33.8173141,34.1334572,33.971817,33.145607,32.3294029,31.0740738,30.2524586,29.9110355,24.6165237,35.371994
34.3102989,33.8234482,34.1405067,33.9969215,33.1590118,32.3478279,31.1153641,30.3138237,29.952198,24.624464,35.3646698
34.3248405,33.8509331,34.1485863,34.0053787,33.1813431,32.3946686,31.1401653,30.3237209,29.9723148,24.6329384,35.383831
34.3500443,33.8643951,34.1656952,34.0249786,33.2021332,32.4161873,31.1910381,30.396452,30.0224228,24.6441174,35.4215317
34.3602791,33.8749161,34.1823273,34.0354996,33.2173462,32.4300003,31.2127209,30.4245262,30.0498524,24.6333923,35.4545441
34.3740005,33.8942604,34.206131,34.0763359,33.2471008,32.4714279,31.2592621,30.4748249,30.0782967,24.6451111,35.477314
34.3900948,33.91576,34.216095,34.0927849,33.26334,32.4852791,31.2681751,30.4856205,30.0872192,24.6356106,35.4468422
34.389431,33.9158936,34.2182541,34.0876808,33.2653999,32.4963875,31.265892,30.4796638,30.0713673,24.6408482,35.4551086
34.40728,33.9385071,34.2421265,34.1019707,33.283123,32.5061417,31.2939072,30.4812756,30.0806942,24.6407661,35.4837189
34.4101524,33.9199944,34.2526245,34.1045876,33.2886047,32.5167313,31.2858105,30.4823799,30.0772495,24.6320267,35.4411736
34.4079437,33.9312897,34.2394485,34.1063385,33.2875977,32.5059204,31.2745476,30.4471779,30.0453186,24.6253223,35.4216957
34.4066887,33.9358177,34.253212,34.1322441,33.2919083,32.5070152,31.2600861,30.4477882,30.0419445,24.6310787,35.4490891
34.4258232,33.9361343,34.2517586,34.12006,33.2896042,32.5086823,31.2661495,30.4289169,30.0531254,24.6261425,35.442131
34.4291573,33.9479523,34.258625,34.1172981,33.2873993,32.5070915,31.2495041,30.4330883,30.0418663,24.6203651,35.4573212
34.412735,33.9348869,34.2607307,34.1261177,33.2801476,32.4966812,31.2621403,30.4343719,30.0436306,24.6280708,35.4468765
34.4352226,33.9447098,34.2572098,34.1093941,33.2818871,32.4962959,31.2508125,30.440773,30.0468922,24.6312733,35.4652367
34.441597,33.953022,34.2505798,34.141552,33.3106804,32.5096664,31.2827835,30.4619541,30.0734406,24.6320477,35.5017738
34.4311714,33.9526939,34.2513924,34.1285324,33.3060036,32.503994,31.2693081,30.4461823,30.0611191,24.6224651,35.4521255
